filename, regulatory, stop, warning
SAM_0307_JPG.rf.e520161a4c00a9d546a33263c84a28d1.jpg, 1, 0, 0
n43_JPG.rf.df44ecd8a182b650fa97106e05820ee0.jpg, 1, 0, 0
SAM_1263_JPG.rf.e55bbf362b440397b5d2fabfa7377a76.jpg, 1, 0, 1
SAM_1701_JPG.rf.e223ec67f72569f954c6be183c1d9b6b.jpg, 0, 1, 0
n52_jpg.rf.e5b6ed91830a56fd358c53cd6abc9cef.jpg, 1, 0, 0
IMG_0523_jpg.rf.e0b80f2a349c91325a5f414899d19c43.jpg, 0, 1, 1
SAM_0925_JPG.rf.dbd31079d53fe301ceb086c4084a3360.jpg, 1, 1, 0
SAM_0966_JPG.rf.df7e88e35c228f3b14fb00c5d3847a2f.jpg, 1, 0, 1
n75_jpg.rf.e01d0abc0fbe265733fe67b8742cef65.jpg, 1, 0, 0
SAM_1264_JPG.rf.e31e296ac34f2137a9ffeb96232c5a41.jpg, 1, 0, 1
SAM_0153_JPG.rf.e4ce4f06290c67dc101da742eebae628.jpg, 1, 0, 0
SAM_1075_JPG.rf.e28b9575b67c658d7fa43c29d2cb9eac.jpg, 0, 1, 0
n71_jpg.rf.e00452fe4f3519b8d5257dd7ad46c17b.jpg, 1, 0, 1
n52_jpg.rf.dd7406847972ec9d60f0ccef21deb1cf.jpg, 1, 0, 0
SAM_1260_JPG.rf.e18fa97cba3fdb365b98b0e88210601e.jpg, 1, 1, 1
n50_jpg.rf.e0fa3bacb5bc3df413504f9709f50b0f.jpg, 1, 0, 0
IMG_0660_jpg.rf.dc96d4a54604ca9fe1210cb14b73fe0d.jpg, 1, 0, 0
SAM_0228_JPG.rf.dedac77fc1571786f49888e4dee60e94.jpg, 1, 0, 0
SAM_0188_JPG.rf.e0a1c9000a400040a59b69adff60a8ee.jpg, 0, 0, 1
SAM_0931_JPG.rf.e6247f8f64bd5e45f13ad7aedab0b4a9.jpg, 0, 0, 1
SAM_0906_JPG.rf.e2dd468af859eb9cec36cdb95c93814c.jpg, 0, 1, 0
SAM_1250_JPG.rf.dc8a3c23d4bf3afd3acdacb84a8838e5.jpg, 1, 1, 1
SAM_1694_JPG.rf.defad3e5d7994bdecdae1d0f74880514.jpg, 0, 1, 0
SAM_0222_JPG.rf.e412611769196fb8810570b93e79099f.jpg, 1, 0, 0
SAM_0834_JPG.rf.e1714aa31fa30ef30dd129943f480ae4.jpg, 1, 0, 0
SAM_1058_JPG.rf.e7b28a495fc19e1da5fe98ba8fd8b4cf.jpg, 0, 1, 0
IMG_0464_jpg.rf.ea1fb575d0771054b04938198929f377.jpg, 0, 0, 1
IMG_0505_jpg.rf.e87397f33c41f044360733fd36432b6d.jpg, 0, 1, 0
SAM_1646_JPG.rf.e7b89847a6ac9e96584c9a9ba8ba18d8.jpg, 1, 0, 1
SAM_0279_JPG.rf.ec3320d6c7d5934dc445045d585656cf.jpg, 1, 0, 0
IMG_0469_jpg.rf.ea8b5b105233896934da3d710c851b67.jpg, 1, 0, 0
SAM_0837_JPG.rf.e68ce44f37747395fbffefad79bbd0c4.jpg, 1, 0, 0
SAM_0893_JPG.rf.eadec9828b50d6da0a60361b748cd8e7.jpg, 1, 0, 0
SAM_1659_JPG.rf.ed760a4e12b2f476c20fff8b791dc38d.jpg, 1, 0, 0
n24_JPG.rf.e928d798cf90a4a38ba4d1f80c4b1ab7.jpg, 1, 0, 0
IMG_0465_jpg.rf.ec32087a743e88baa790239e9b932bad.jpg, 1, 0, 0
n42_JPG.rf.ed2514b1ba087a1ed5214e7d06f668d6.jpg, 1, 0, 0
IMG_0642_jpg.rf.f0988d5edbdafef063e8ecca0a1f642f.jpg, 1, 0, 0
SAM_0926_JPG.rf.ec6c97c51689f8aada9cda16bc32eb58.jpg, 1, 1, 0
SAM_1253_JPG.rf.edc23dd1940c34cb37d6ae521b174c9c.jpg, 1, 1, 0
SAM_0815_JPG.rf.ee8d71aa92ebd391c640a66837bccd93.jpg, 0, 0, 1
IMG_0739_jpg.rf.f09d82759f83da75105a0a6917b9db28.jpg, 0, 1, 0
IMG_0763_jpg.rf.f1b9b3de1267240907aff356777d4e29.jpg, 1, 0, 1
SAM_0225_JPG.rf.f16f34a0dad3d0ec05af414f2bb27c1e.jpg, 1, 1, 0
n74_jpg.rf.f843ffe5469641a93410c7ed995ecdff.jpg, 1, 0, 0
IMG_0489_jpg.rf.f40dcafb684187fed97ab166b5a07fc5.jpg, 0, 1, 0
n53_jpg.rf.f8cb1798ee71b46854aed53a574dd0e6.jpg, 1, 0, 0
SAM_1214_JPG.rf.f0c093b9e298b17d2a06f7405f80fec7.jpg, 1, 0, 0
IMG_0640_jpg.rf.fa3121f78ca4c64da8c74e1d3c33081f.jpg, 1, 0, 0
n20_JPG.rf.f1b5ef973399369b681afb457277f537.jpg, 1, 0, 0
SAM_0204_JPG.rf.f11864650b0c4f591741e0530ad97009.jpg, 1, 0, 1
SAM_1697_JPG.rf.f3e330cecc138afc6276ca68b1682fd1.jpg, 0, 0, 1
SAM_0847_JPG.rf.f6c73646a982f390671d9840a6cc460b.jpg, 0, 0, 1
n16_JPG.rf.fc285fed17f2d8cd4dc4613a8bddc4e8.jpg, 1, 0, 0
IMG_0736_jpg.rf.fbd4f950441043469d5a774636175543.jpg, 0, 0, 1
IMG_0481_jpg.rf.f9cd4b725834f3032b30f28c1f855515.jpg, 1, 0, 1
IMG_0476_jpg.rf.fd9c5bff50f07bfb1591d1c29785e1e6.jpg, 1, 0, 0
o8_jpg.rf.fa2a957a0b09fbd2adf5f476e9c3bea6.jpg, 0, 0, 1
IMG_0657_jpg.rf.ff910401078782470acc998a44eda096.jpg, 0, 0, 1
SAM_1654_JPG.rf.f633056fbe0b22231635786c48b1cfca.jpg, 0, 0, 1
SAM_0195_JPG.rf.fba4d80a87674015dff7354e1b5701fd.jpg, 0, 0, 1
SAM_1675_JPG.rf.f9ac74ca8a21a89ede783f30ea5d4b97.jpg, 0, 1, 0
SAM_0942_JPG.rf.ff917782ab6359a3983b1f943d3df76a.jpg, 0, 1, 0
n74_jpg.rf.ffbbe95d5afd4da008b33894845f34df.jpg, 1, 0, 0
SAM_0804_JPG.rf.f8a1b2af5fdb27fe0824f37fccb634d4.jpg, 0, 1, 0
SAM_0812_JPG.rf.fe42544ebd348fda661ec71eb55f1950.jpg, 0, 0, 1
IMG_0448_jpg.rf.5fec78592bcbc83ad94f09898b6c4a41.jpg, 1, 0, 0
IMG_0749_jpg.rf.569c68027bd0d5644be601a00487c8a5.jpg, 0, 1, 0
SAM_0316_JPG.rf.581f50e7a295d1007c78706d9c43a722.jpg, 0, 1, 0
SAM_1222_JPG.rf.62b14e39a91903999be9d58cf8db60dc.jpg, 0, 1, 0
SAM_1656_JPG.rf.661471fe2add1bada0282027cdce3aa8.jpg, 0, 1, 1
SAM_0978_JPG.rf.613161262ddfa4300f66f96e5c3e27eb.jpg, 1, 0, 0
SAM_1220_JPG.rf.623ed32883c8dcd928cfb792af808cac.jpg, 0, 1, 0
IMG_0748_jpg.rf.597cb21935df4529c85d0db10d98d160.jpg, 0, 1, 0
n61_jpg.rf.56e806c125fc3ba0c5fbde98650934d3.jpg, 1, 0, 0
IMG_0652_jpg.rf.6216cbd6426519ce3f665de425f0bba8.jpg, 0, 0, 1
SAM_0974_JPG.rf.6434d7bee4668701fb8961f38ed436aa.jpg, 1, 0, 0
SAM_0820_JPG.rf.5aceb54640506e8514eb986f4c36ccce.jpg, 1, 0, 0
n69_jpg.rf.66044d9db909cf03d6c850efbfdf365e.jpg, 1, 0, 1
SAM_0944_JPG.rf.62dec3d77b7bcbde609204aa5de02723.jpg, 0, 1, 0
SAM_1056_JPG.rf.61e204e6fd0179b90af2df77d777c12f.jpg, 0, 1, 0
SAM_0202_JPG.rf.67b22d9295eeb6f0e6f70f428f9e413d.jpg, 1, 0, 0
SAM_1637_JPG.rf.600508a9089732a1a43017c2d974ede9.jpg, 0, 1, 0
SAM_0848_JPG.rf.5680633ff57164bffb03cc734efb71bb.jpg, 0, 1, 1
c1_jpg.rf.62a2bc9e47d91a3371f92091293cc5f8.jpg, 0, 1, 0
SAM_1639_JPG.rf.6479810d5c0fb21b9f4000d247928f1d.jpg, 0, 1, 1
SAM_1256_JPG.rf.59416b33b18e91d8751837597a1df179.jpg, 1, 1, 0
SAM_1054_JPG.rf.5e6942d4c85567f56633f992f4fd2daf.jpg, 1, 1, 0
SAM_0184_JPG.rf.5d89225901af691387d74efc72c0cda2.jpg, 0, 0, 1
n28_JPG.rf.611ff587f4213cb46be706cd1a95b0df.jpg, 1, 0, 1
o6_jpg.rf.58b159e8b9316a093ac5cc1419856178.jpg, 1, 0, 1
SAM_1252_JPG.rf.638c2653dac6bd905ca2f9b34b10fb0d.jpg, 1, 1, 0
IMG_0663_jpg.rf.69ed8203b482f84c35891f582e94557e.jpg, 0, 1, 0
SAM_0825_JPG.rf.6b3e23b23e4ef24c52b3caecb1b360e2.jpg, 0, 1, 0
IMG_0617_jpg.rf.6c9b0cfd68c874acdbe98fce243c3632.jpg, 0, 0, 1
n2_JPG.rf.6a8a5ef97cfd46b8220ae30b0ce835f2.jpg, 1, 0, 0
SAM_0902_JPG.rf.69da4b7c47d658f3436d6b9d08b7fac5.jpg, 0, 1, 0
IMG_0655_jpg.rf.67d71cb8de2c1133b75a55a6c3395205.jpg, 0, 0, 1
IMG_0557_jpg.rf.6d06fa2f0725ff20abffbbaf429a4a0e.jpg, 1, 0, 0
IMG_0688_jpg.rf.6bc08a8f00e773bd0bdb4ed80e81b3ec.jpg, 0, 1, 1
SAM_0196_JPG.rf.69454778e7a5e53032f5f479cef6c5da.jpg, 1, 0, 1
n1_JPG.rf.6af5abb9efb918bfeb45a5bf1dfdd143.jpg, 1, 0, 0
SAM_1678_JPG.rf.6c8954af26d7435acf00c192db03c20c.jpg, 0, 0, 1
SAM_0801_JPG.rf.6ec0e2f4f0fba09626106462bd611135.jpg, 1, 0, 1
IMG_0681_jpg.rf.6fc8e2b81b13bbabee5a513fcdda43d7.jpg, 1, 0, 0
SAM_1686_JPG.rf.6911e314e9dad274b07e5d501a1c2378.jpg, 0, 0, 1
SAM_0957_JPG.rf.6e68704ffe368564dcfa3c86d86992eb.jpg, 1, 0, 0
SAM_0209_JPG.rf.6df0bd2805952447fcdb5e671eb2c024.jpg, 0, 1, 1
SAM_0836_JPG.rf.6a272f704a5e11cea86307751e0ed559.jpg, 1, 0, 0
n70_jpg.rf.70d32df056af0620fa517f69b22bdfd2.jpg, 1, 0, 0
o16_jpg.rf.6d51cd0b33a053478bc0ef72a87f1ecb.jpg, 0, 0, 1
SAM_1651_JPG.rf.6ffbcaea7aa2a1da9d654c4a14bbdd9c.jpg, 1, 0, 0
IMG_0643_jpg.rf.6f3aff00d8a53f148f0402559b9d9fb0.jpg, 0, 1, 0
n65_jpg.rf.70469c1f18d436c022495f4108862b4a.jpg, 1, 0, 0
SAM_1689_JPG.rf.6fae42f25b29b0de4b73e91ef4659e95.jpg, 0, 1, 0
SAM_0827_JPG.rf.70c52007d6267e5156ff5931c42d966f.jpg, 1, 0, 0
IMG_0678_jpg.rf.71b783bd940672daae4f6dd8d8c22493.jpg, 0, 0, 1
IMG_0691_jpg.rf.71d6a6ab09ec7e3ba1ef0da5e145702b.jpg, 0, 1, 0
SAM_1216_JPG.rf.72bdc0d58f45db54f22170920b3299e6.jpg, 0, 1, 0
SAM_0850_JPG.rf.720455702bfed73e4ec7e45e4162aebf.jpg, 0, 1, 0
n65_jpg.rf.73c8350cde0ec650e321e2d628d80b95.jpg, 1, 0, 0
n55_jpg.rf.756661ddb475d2d1695a6470bbef6f4a.jpg, 1, 0, 0
SAM_1265_JPG.rf.74257af4aea936a0a450b2c788765c91.jpg, 1, 0, 1
SAM_1073_JPG.rf.746844269eb27e7b157a0d9a21fdd964.jpg, 0, 1, 0
SAM_0216_JPG.rf.731673e5954d1e15100efddf4b53998f.jpg, 0, 1, 0
n5_JPG.rf.728209dcdeda325eec351ed0f37869a6.jpg, 1, 0, 0
s46_JPG.rf.752650cb41156c54fbc1a5b5c13a78c3.jpg, 1, 0, 0
SAM_1691_JPG.rf.744bc364ec1ff4610946eefb3f022d5b.jpg, 0, 1, 0
IMG_0500_jpg.rf.772ecee6db676f5e1179dc000195b8e3.jpg, 1, 0, 0
SAM_0949_JPG.rf.7405534a08bfb4e6f3cdaa29cf150ab8.jpg, 1, 1, 0
IMG_0525_jpg.rf.73c2dc650b821f873a11784b4c963118.jpg, 0, 0, 1
SAM_0155_JPG.rf.759995a053090cc18b46d9862eee4018.jpg, 1, 0, 0
SAM_0167_JPG.rf.7548e4aa4f52b89c5a02f2ac40952f16.jpg, 0, 1, 0
o2_jpg.rf.77bb90e97e1b590351c86e06c193a049.jpg, 0, 0, 1
SAM_0189_JPG.rf.7377ca6a1fbe65f42262c262f18b12a4.jpg, 1, 0, 1
SAM_1653_JPG.rf.74d87d894d26ba07d34b9f85cca93d01.jpg, 1, 0, 0
SAM_0972_JPG.rf.744d4f6009cdac0b14135bd7928817fa.jpg, 1, 0, 0
c2_jpg.rf.781e9f9e72704f79baf583b9f6f11b6c.jpg, 0, 1, 0
SAM_1074_JPG.rf.75abb252cf4b99bb53418a5eba0743a4.jpg, 0, 1, 0
SAM_1250_JPG.rf.77d06587d7f0c7d3b30506e0175223af.jpg, 1, 1, 0
SAM_0260_JPG.rf.7846014d59d19836f0656232f1670c1b.jpg, 1, 1, 0
c3_jpg.rf.78491e2e9be6cb8b01b20a279ac2d2bf.jpg, 0, 1, 0
IMG_0706_jpg.rf.784da8176809dfcb23b4b2b0e6b55551.jpg, 0, 1, 0
n30_JPG.rf.785e2af6ef135968dbf5c3bc8540b397.jpg, 1, 0, 0
s31_JPG.rf.7a88aa7f20cf8e3c7e03b7eab162b2e0.jpg, 1, 0, 0
IMG_0616_jpg.rf.7ba652c3d65ca0f79a4a91c15b80f65f.jpg, 0, 0, 1
IMG_0583_jpg.rf.788d33b53adac78bbf3dc2f618b05711.jpg, 1, 0, 0
IMG_0676_jpg.rf.7d98b09c607e69af46fa19529627fe6f.jpg, 0, 0, 1
n62_jpg.rf.7e6c0238c83dd30f2e55f78569f48182.jpg, 1, 0, 0
SAM_0870_JPG.rf.7d6d7d57ba76c1240d40bd97ab954d30.jpg, 0, 0, 1
IMG_0599_jpg.rf.7c8ec26790b2625b4ceeec1ff97682b4.jpg, 0, 0, 1
SAM_1700_JPG.rf.7b58add82bacb4972341205280809c1e.jpg, 0, 1, 0
SAM_0246_JPG.rf.7eea72a0e27832f1136245d82d167803.jpg, 1, 0, 0
IMG_0569_jpg.rf.7ccf124f36bf0f0fb9765432a4ac4f79.jpg, 1, 0, 1
o13_jpg.rf.7b255ec6a5a4d5b930cc1b54e9fc108a.jpg, 0, 0, 1
IMG_0724_jpg.rf.7e00349317b35b55d9f80c00bc26e80e.jpg, 0, 1, 1
IMG_0456_jpg.rf.802f7cc563703bae619f2a3fd4d740eb.jpg, 0, 0, 1
n17_JPG.rf.7e5b534e5fc7be1512557a72fa7323f6.jpg, 1, 0, 0
SAM_0871_JPG.rf.808ca37dd18fff3de5c8febaa9a19838.jpg, 1, 0, 0
SAM_0930_JPG.rf.813eb7a7cdc607e10349419bb353361d.jpg, 1, 1, 0
SAM_1202_JPG.rf.7ccfb428c837428c1c13241ea17997a7.jpg, 0, 1, 0
SAM_1058_JPG.rf.7f62010c173688d91e76e9bb63205a82.jpg, 1, 1, 0
SAM_0882_JPG.rf.8288e5f1e1dc9cbf16d775f6675a2f2a.jpg, 1, 0, 0
SAM_0814_JPG.rf.8364b77a169df3c58e750d487128c4ab.jpg, 0, 0, 1
SAM_1057_JPG.rf.8422593e4f3a5185a243ef88143a89e3.jpg, 1, 1, 0
SAM_0918_JPG.rf.85e5acd89a1c8ce78555ca3a2f41f794.jpg, 0, 1, 0
SAM_0235_JPG.rf.840d8a5e17c590bfe593e3f77449a7f2.jpg, 1, 0, 1
n73_jpg.rf.8703237681864ebe9016cc205950edb4.jpg, 1, 0, 0
SAM_0807_JPG.rf.874692a9d56f362e20dc56ac2463573b.jpg, 1, 0, 0
n64_jpg.rf.877ba6f699dd221656c2022494dccce7.jpg, 1, 0, 0
IMG_0513_jpg.rf.872defc1ff8ed62563de70b8e9299055.jpg, 0, 0, 1
n3_JPG.rf.8a616efd37503e0cd1f8943a2b21b9cc.jpg, 1, 1, 0
SAM_0973_JPG.rf.8ab6708f2bd2730ed8fd2ab7718e0a33.jpg, 1, 0, 1
SAM_1230_JPG.rf.8aadb526655697be5cba5c114be84574.jpg, 0, 1, 0
SAM_1248_JPG.rf.87aa61c6671ff4d08025e0bd5a1cf2ca.jpg, 1, 1, 1
IMG_0644_jpg.rf.8fe7fa9a6b82ea698b114dc1cb067414.jpg, 0, 1, 0
SAM_1223_JPG.rf.8bebc6cfa8fca0533288df5ed8814b4c.jpg, 0, 1, 0
IMG_0608_jpg.rf.918521068e1345e7f780baa462caed60.jpg, 0, 0, 1
IMG_0526_jpg.rf.8c3376df59ad1e9c9b268c677eb39811.jpg, 0, 0, 1
SAM_0897_JPG.rf.8c723213b06981e26b3d5504c3d02054.jpg, 0, 1, 0
SAM_1070_JPG.rf.8cbfafdb87db8def2f85e898f00c55e0.jpg, 0, 1, 0
SAM_0842_JPG.rf.8c2a757cea98534067fa12318c580c07.jpg, 1, 1, 0
SAM_1227_JPG.rf.908fea2abb8892160e6495956ce0d4d1.jpg, 0, 1, 0
o1_jpg.rf.8bff5faa878819c54e79e70e8b21e3b9.jpg, 0, 0, 1
SAM_0327_JPG.rf.8fe3d82757327588f55bae44f79ad091.jpg, 1, 0, 1
SAM_0852_JPG.rf.91b46b84d0156c614c185fbe521e3855.jpg, 0, 1, 0
SAM_1062_JPG.rf.924c466fb18d5608531d93c398c1ae42.jpg, 0, 1, 0
n56_jpg.rf.932264f2740a3e04aaa9cbb3ab8faf26.jpg, 1, 0, 0
n54_jpg.rf.923f7a4b405746237abb1dc5597c878e.jpg, 1, 0, 0
o5_jpg.rf.8f7063e58a3642ead78778a7375e1b1b.jpg, 1, 0, 1
SAM_0190_JPG.rf.934b3d7fe3f310b50851d7cd7f304961.jpg, 0, 0, 1
IMG_0531_jpg.rf.9362b51b579c283f6b19e90fafba2e43.jpg, 1, 0, 0
n73_jpg.rf.9551f31467d9863cc662cfa07de8184f.jpg, 1, 0, 0
SAM_0160_JPG.rf.9396a17a4f279d65af9f280c98236306.jpg, 1, 0, 0
n70_jpg.rf.97c37b347d02b92417cd7c225ef682f4.jpg, 1, 0, 0
SAM_1218_JPG.rf.95cc09fed71a762696de3be3e01a7a65.jpg, 0, 1, 0
SAM_0922_JPG.rf.96458d5cd69e7c21114a17ab441f3a0f.jpg, 1, 0, 0
SAM_1687_JPG.rf.96f22ed5ef1179d0f1bbcd22108f9533.jpg, 0, 0, 1
SAM_1205_JPG.rf.9811e6a7b9f3c1c9fcd263ee821a6177.jpg, 0, 1, 0
IMG_0766_jpg.rf.97d4e1a9117d18d8c51636a5dea41550.jpg, 1, 0, 1
SAM_0803_JPG.rf.9574e37f7e3b35c4cf77a7635d573ccc.jpg, 0, 0, 1
n71_jpg.rf.99c3b3fd63d700896c64863b8cb8f075.jpg, 1, 0, 0
SAM_1226_JPG.rf.95b767642bf13e2361c343633f48e96d.jpg, 0, 1, 0
SAM_1650_JPG.rf.966e4d017a0e012be2e1650546900380.jpg, 1, 0, 0
SAM_0238_JPG.rf.997ee00c517f5357c360e29beda4d9a3.jpg, 1, 0, 1
s36_JPG.rf.9747469b1512b73bc1e32e6f5217ce82.jpg, 1, 0, 0
SAM_0892_JPG.rf.9b2df214e62fec3082e011d70f6522a0.jpg, 0, 1, 0
SAM_0898_JPG.rf.994d68d0e2ef3c8d3c89bd4280878a6b.jpg, 0, 1, 0
n66_jpg.rf.9b7cae4738286b1b93c6ddbb46ba2757.jpg, 1, 0, 0
SAM_0186_JPG.rf.9f5b774fffce440b603ea025e4e0055a.jpg, 0, 0, 1
IMG_0626_jpg.rf.9e3b52439938d355967dbe7c210c0f20.jpg, 0, 0, 1
SAM_0901_JPG.rf.9c3d225453cbabbf119d06acb1e759bb.jpg, 0, 1, 0
SAM_0961_JPG.rf.9e776c9dedeb6aacdeb5ea5a46a5084f.jpg, 1, 0, 1
SAM_1698_JPG.rf.9c5c599f66aced0260fa8e759aec4863.jpg, 0, 0, 1
SAM_0326_JPG.rf.9f94b31c0101d8fe6c4cfeecad679669.jpg, 1, 0, 1
SAM_0964_JPG.rf.9fb83b1889d9a261a304add4ffb3b1e4.jpg, 1, 0, 1
SAM_1663_JPG.rf.a0b88a786e78d9baefa193ed9760953c.jpg, 0, 0, 1
s32_JPG.rf.a0d5941786582ea0c543e71085657930.jpg, 1, 0, 0
SAM_1664_JPG.rf.a5d684735013d487a77203074c1b0b3a.jpg, 1, 1, 1
SAM_0879_JPG.rf.a246d61f6cfbc75fb58728ccf838b29d.jpg, 1, 1, 0
IMG_0563_jpg.rf.aa8b0693210fbe756dc43732143d6713.jpg, 0, 0, 1
SAM_1065_JPG.rf.a52ca76b74c0161bd4be34b02ff1e1a4.jpg, 0, 1, 0
SAM_1068_JPG.rf.a52b32b8dee6ed07dfce44e955e47422.jpg, 0, 1, 0
IMG_0727_jpg.rf.a1aaf350f73b3bf0232bbe6eb6ab40e6.jpg, 0, 0, 1
SAM_0844_JPG.rf.a2394fc8d280fff17039dd1dc09611b7.jpg, 0, 1, 0
SAM_1696_JPG.rf.a463ffbad33a720d3e32fbfb5b27aee2.jpg, 0, 1, 0
SAM_0894_JPG.rf.a529695e3e5e6c6b5cd507cd89c524cb.jpg, 1, 0, 0
SAM_1264_JPG.rf.a429e6848914096a6de7c492af16b6ef.jpg, 1, 0, 1
SAM_0287_JPG.rf.a3fdaf0a782a7d8bd0fc75ecf7a12add.jpg, 1, 0, 0
SAM_0905_JPG.rf.ab56150041cc95dce5a917b0c9fe6bce.jpg, 0, 1, 0
IMG_0549_jpg.rf.ab883abe08cf31b5c9fb42b7729b3c61.jpg, 1, 0, 1
IMG_0634_jpg.rf.abd7d47f3551d906c91eb69ee9382492.jpg, 0, 1, 0
SAM_0244_JPG.rf.aba3866de2c5b7aa7a6ab08b9e9129aa.jpg, 1, 0, 0
SAM_0932_JPG.rf.abb21f1bb784799208147d9a5e92ad29.jpg, 0, 0, 1
SAM_0178_JPG.rf.a16c522668d6e7c0ee7a2b6bb652351b.jpg, 0, 1, 0
SAM_0284_JPG.rf.a37a0347ae72d0a96d811203b29c8736.jpg, 1, 0, 1
SAM_0829_JPG.rf.a87937f51e5b49fc73575290a046eecd.jpg, 1, 0, 0
SAM_0823_JPG.rf.a8f9809deea0cbac3fcb1f7fc3cf1e6e.jpg, 0, 1, 1
n51_jpg.rf.ad90c8dd419585342edff13401980272.jpg, 1, 0, 1
c4_jpg.rf.ae97b5e9a22bd23556565cb074c4c603.jpg, 0, 1, 0
IMG_0623_jpg.rf.ac79499ddc87720cccf477bfa21d5778.jpg, 1, 0, 0
IMG_0454_jpg.rf.afef8fa212c9acdac2cdf86d1c8d784e.jpg, 0, 0, 1
SAM_1695_JPG.rf.ac285429ef8752010b0c6483ed0e9b50.jpg, 0, 0, 1
SAM_0811_JPG.rf.af0fb445c20fec589b81ee5d905a49ce.jpg, 0, 0, 1
SAM_0943_JPG.rf.afe4fe4e4a2f415e253c033328be96c8.jpg, 0, 1, 0
SAM_1648_JPG.rf.ae6246ce6aae227c183236980a4aec6c.jpg, 0, 0, 1
SAM_0164_JPG.rf.b1fd8f96f48d6c0f920736a3fcd047d0.jpg, 0, 1, 0
n75_jpg.rf.b0ff7d84fcfcaf8cc710b4642214a385.jpg, 1, 0, 0
IMG_0607_jpg.rf.b5cd1802eec17a3231aa3c203492746a.jpg, 0, 0, 1
n63_jpg.rf.b370c97afb4896e7893efa3003cba674.jpg, 1, 0, 0
SAM_1063_JPG.rf.b83caa3d95ef65acad9021b5b50cfcae.jpg, 0, 1, 0
n6_JPG.rf.b9e2f83dd210e873c770498b3db71868.jpg, 1, 0, 0
IMG_0649_jpg.rf.baf124fad232aa964b3304c840583c98.jpg, 1, 0, 0
SAM_1671_JPG.rf.b30b325478332d3369aae40c40135d8a.jpg, 0, 0, 1
n32_JPG.rf.acd7ff37e1e29c548ae616a028de9fec.jpg, 1, 0, 0
SAM_0830_JPG.rf.b0be74bdc69c1e46ec096f971d9c23db.jpg, 0, 0, 1
c3_jpg.rf.adabc0043fa3540268d77efcea0b9531.jpg, 0, 1, 0
SAM_0977_JPG.rf.b9624e09bc64985c63bf71f9bebd5429.jpg, 1, 0, 0
SAM_1200_JPG.rf.b46cd430c36c4a6cd2e1a1d930de644f.jpg, 0, 1, 0
SAM_0174_JPG.rf.b6a6bfb9850e5ee996dff236faa50996.jpg, 0, 1, 0
SAM_0958_JPG.rf.b4165ff63f3a263d7093adc9c80d51f2.jpg, 1, 1, 0
SAM_0900_JPG.rf.bb7dc2caa52286a909863e28b7381fe3.jpg, 0, 1, 0
n23_JPG.rf.b9c3862678da5b5c4069e4cd3183162c.jpg, 1, 0, 0
SAM_1245_JPG.rf.b40cc8a80153d7853fc316ea6898162f.jpg, 0, 1, 1
SAM_0208_JPG.rf.bd1d89c09e6026d04c9d40c0418c9eaa.jpg, 1, 0, 0
SAM_0956_JPG.rf.bdd31e35a4c4054775b8c40efb758730.jpg, 1, 1, 0
IMG_0737_jpg.rf.c147261328c1367b13e269ed23ea74d1.jpg, 0, 1, 0
n56_jpg.rf.c0f1fb22932f29242fab87bee7085b52.jpg, 1, 0, 0
SAM_0159_JPG.rf.c27e12442f439070e78a3abc0520d0b2.jpg, 1, 0, 0
SAM_1670_JPG.rf.bc40b8ed8ce4007ef07d5456b9c3ae20.jpg, 0, 1, 0
IMG_0591_jpg.rf.c4197d6dfde0677a759a49e9b442bc6f.jpg, 0, 1, 0
SAM_0863_JPG.rf.c3bfc496039dacdeccc0df00cd9c7c14.jpg, 1, 0, 1
SAM_0162_JPG.rf.be58fb2f56c5fbc0d61455b215f61ec0.jpg, 1, 0, 0
SAM_0872_JPG.rf.c4b38834acb6e494c1b415f1170303a1.jpg, 1, 0, 0
IMG_0665_jpg.rf.c0c8f1b48e7cb07fd5d7380ec27a8c1a.jpg, 0, 1, 1
SAM_0890_JPG.rf.c60c060c0ef2b2cc908c7f8f90b120a6.jpg, 1, 1, 0
IMG_0768_jpg.rf.c47607ae4130b474647a8cb670d30aa4.jpg, 0, 1, 1
IMG_0670_jpg.rf.c9fb9d7d456091d2d741b6fd9d97c2fb.jpg, 0, 0, 1
n59_jpg.rf.ca395eba12276cf7eea2b62fe556fdf1.jpg, 1, 0, 0
SAM_1640_JPG.rf.bfbe068d42bb0989203e9204ea321737.jpg, 0, 1, 0
SAM_0945_JPG.rf.c05360ce2f3bf308e5d6e977edb0d288.jpg, 0, 1, 0
SAM_1229_JPG.rf.c5a532c0f59e3b3008828590f5eead3c.jpg, 0, 1, 0
IMG_0555_jpg.rf.c5794c0e4f286f32c11250bdbe4d0a01.jpg, 1, 0, 0
n51_jpg.rf.c846f1234ca4a6596296c3d5f41900a0.jpg, 1, 0, 1
IMG_0601_jpg.rf.c9667bc1239d948cc4f5166e4d0aceb3.jpg, 0, 0, 1
SAM_0808_JPG.rf.bcb66fe3600daf5d0f348c126677b1db.jpg, 0, 1, 0
SAM_1690_JPG.rf.ca5794ed284df93c980ed572a21002f8.jpg, 0, 1, 0
SAM_1247_JPG.rf.c0daee711febd2299e1c18f57f3d5b3f.jpg, 0, 1, 0
SAM_1679_JPG.rf.ca84a0fec4f7eb972dad5aa8796667dc.jpg, 0, 0, 1
SAM_0923_JPG.rf.cb118e53d443fcaf421d69e8a652db11.jpg, 1, 1, 0
IMG_0636_jpg.rf.cb47de8aac733b0bea91ad98a7413426.jpg, 1, 0, 0
SAM_0232_JPG.rf.cc7c2e7004351bc0c0aa1cf6bd4281f8.jpg, 1, 0, 1
n25_JPG.rf.cbb94bc248287896cf2f055c3abb4845.jpg, 1, 0, 0
IMG_0598_jpg.rf.d1cebde4e64f0ced02b233e4bd0237a4.jpg, 0, 0, 1
IMG_0760_jpg.rf.cb5e99d6c5ff993d33b11f61db1b1173.jpg, 0, 0, 1
SAM_0941_JPG.rf.ca92cb853f93b1a3a1363fcc94acff75.jpg, 0, 1, 0
IMG_0522_jpg.rf.d38173816fea3b3d712849ce1a185899.jpg, 0, 1, 0
SAM_0161_JPG.rf.d36e95f7e85f535483d51b857f3b7807.jpg, 1, 0, 0
IMG_0690_jpg.rf.d53ab1b0862920330bd7ba5a1afca144.jpg, 0, 1, 1
SAM_1669_JPG.rf.d3b0df35eca7a1388fea079126581640.jpg, 0, 1, 0
SAM_1658_JPG.rf.d7907856fe17508babeccdb6b5681afe.jpg, 1, 1, 1
IMG_0752_jpg.rf.d4f598ef05110aee30a46b29b2c94dea.jpg, 0, 1, 0
SAM_1256_JPG.rf.cc8fd9a686b5a07bc54984e154c81326.jpg, 1, 1, 0
SAM_0959_JPG.rf.d4f361c8d4e3bc2dabfc884bb25e2c0e.jpg, 1, 1, 0
s39_JPG.rf.cee50a42549807f59b52232d021d8b88.jpg, 1, 0, 0
SAM_1655_JPG.rf.cc86727e1e36a24d4bcb107f2bb53965.jpg, 0, 0, 1
SAM_0251_JPG.rf.d48feffc43fb9a624f7851bd4c2bb2bf.jpg, 1, 0, 1
SAM_1245_JPG.rf.cd6e665c188b1c74e0110d7cf6eee6be.jpg, 0, 1, 1
SAM_1240_JPG.rf.d793cbf296464dc3f10deadf78a3dc13.jpg, 0, 1, 0
SAM_0864_JPG.rf.d524000f14f887d54fbf789036eedaad.jpg, 0, 0, 1
SAM_1261_JPG.rf.cc629f3b316e9fa87c45465e70de72d0.jpg, 1, 0, 1
SAM_1242_JPG.rf.d94b71cd8c6b364d11e571982b0b9fdf.jpg, 0, 1, 0
SAM_0917_JPG.rf.d787b301eed61c1e0e358c5a870432e1.jpg, 0, 1, 0
SAM_0185_JPG.rf.dab1b5df4d78ea2f83e0d1555a63494c.jpg, 0, 0, 1
IMG_0491_jpg.rf.dafcaf347cad16dbaf2e6544d3914d23.jpg, 0, 0, 1
o8_jpg.rf.db0c1b8dd4e32ab863b70b55a91a7372.jpg, 1, 0, 1
o27_jpg.rf.03b6440f51fa5d43c48f2bf21d9e917f.jpg, 1, 0, 1
SAM_1661_JPG.rf.04eb5c4fa0d6dfaa411f44c2fa8ed4e5.jpg, 0, 0, 1
IMG_0702_jpg.rf.057f61b6348357739b0161061061cd2c.jpg, 0, 1, 0
SAM_0963_JPG.rf.003174cc1aa42dd0ae7eadb72b36aac6.jpg, 0, 0, 1
SAM_0831_JPG.rf.03862a08df19863f90bded26c3c2fcd6.jpg, 0, 0, 1
SAM_0845_JPG.rf.043452dafb88ee175a0a5298ec344d33.jpg, 1, 0, 0
SAM_1069_JPG.rf.081bc3846074522a91bb95cd590ad1be.jpg, 0, 1, 0
SAM_0949_JPG.rf.08e3ac044a8b8b0165ce0b7320b2a40c.jpg, 1, 1, 0
IMG_0695_jpg.rf.0c1e3d8fcf74d97b6e947676e4a1f4f8.jpg, 0, 1, 1
IMG_0714_jpg.rf.0c78af95cc647fce942f74c16b63c3e7.jpg, 0, 1, 0
IMG_0672_jpg.rf.0898b61258bc619418e0219b83fdd2f1.jpg, 0, 0, 1
SAM_1208_JPG.rf.0a852dd0deb478a134d1f3d0e7e1cc69.jpg, 0, 1, 0
IMG_0587_jpg.rf.09bdaff2e94aaed823323c03dfccf56b.jpg, 0, 1, 0
SAM_1666_JPG.rf.07527b46447005b898be21595c114d1a.jpg, 0, 1, 0
SAM_0880_JPG.rf.114ab0142f84de672d4718ab354717cb.jpg, 1, 1, 0
SAM_1203_JPG.rf.09c1abe75aceffb26d9b4ea17447921f.jpg, 0, 1, 0
SAM_1055_JPG.rf.0e13bfa572dcbfdb29f7e975f58c1611.jpg, 1, 1, 0
IMG_0498_jpg.rf.119872f515688059031b96bb92f9e51e.jpg, 1, 0, 0
IMG_0552_jpg.rf.0fb9f03fed7e6c6338c2fe199b687b62.jpg, 0, 0, 1
IMG_0449_jpg.rf.0fd9592cdc0365f440a8210a633968c1.jpg, 1, 1, 0
SAM_0170_JPG.rf.0e581140ad958257f171a2d3d7123391.jpg, 1, 0, 0
SAM_0930_JPG.rf.0c0b248b0081a14b589dc8599e7d5915.jpg, 1, 1, 0
SAM_1257_JPG.rf.0d619aa99b3e2f7849fa01417811a149.jpg, 1, 1, 0
SAM_0840_JPG.rf.13098ef9265a7197953dc09e28e47c76.jpg, 0, 1, 1
SAM_1234_JPG.rf.1256a17f1966fc8124b4fe01127f7faf.jpg, 0, 1, 0
SAM_1224_JPG.rf.0927e5b0bc429bf1cf00d5a41c0ebd01.jpg, 0, 1, 0
SAM_1649_JPG.rf.0c8da44f26ab92cb0a3593274ebf8b2e.jpg, 1, 0, 1
IMG_0562_jpg.rf.1628a74b8d7f15798a7183b69340d223.jpg, 0, 0, 1
SAM_0877_JPG.rf.16c5acab125c50206c515cd96f807a15.jpg, 1, 1, 1
SAM_1239_JPG.rf.170718137eba4bebedf1c0972eb58a4a.jpg, 0, 1, 0
SAM_0809_JPG.rf.16fd7cc974a41a2ae12183c6f5a85c76.jpg, 0, 1, 0
IMG_0532_jpg.rf.17c999c21630ddd8ee094cac2b5b6c43.jpg, 0, 0, 1
SAM_1668_JPG.rf.176e4cd712832e7ecbea4b9afc0f16f1.jpg, 0, 1, 0
o10_jpg.rf.1916ae2862d2af66d5bce7bace7b9ff3.jpg, 0, 0, 1
IMG_0610_jpg.rf.19ba5baa127a2cec7c36e771699821d1.jpg, 1, 0, 0
IMG_0516_jpg.rf.1ebe50b73f7a6803e2e6b0e5e9b1eb00.jpg, 1, 0, 0
IMG_0620_jpg.rf.1c8c9ba5543b3703a49371e164ba8eac.jpg, 0, 0, 1
IMG_0639_jpg.rf.1ce3dd7e7b7a63ed3ad6fd1eb1c92e4e.jpg, 0, 0, 1
IMG_0509_jpg.rf.1db7aa8fe1f80ddda270472a1fd6b81e.jpg, 0, 1, 0
SAM_0923_JPG.rf.19b5f56b0e41dabff6d5b9e0905e640a.jpg, 1, 1, 0
SAM_0854_JPG.rf.197096d31879b17d656097b7484c27fe.jpg, 1, 0, 0
IMG_0629_jpg.rf.19fbfdf57b248ba2268fe854c0972f6e.jpg, 0, 1, 0
IMG_0575_jpg.rf.1ff7a90e5103103bb05f9747d2b3155b.jpg, 0, 0, 1
n55_jpg.rf.1f97c6b4841d2074444fe2ba77cec095.jpg, 1, 0, 0
SAM_0928_JPG.rf.1f1c3164d82ca988dd9630bc22b22065.jpg, 1, 1, 0
SAM_0826_JPG.rf.1d3f2c1096023ff04eb8a7bf04b4c594.jpg, 0, 1, 0
SAM_0819_JPG.rf.1919ab166a4b1cb8c44fee4bb2334ecc.jpg, 1, 0, 0
SAM_0857_JPG.rf.1b3b65124c39826c43d3183d2a5744b9.jpg, 0, 0, 1
SAM_0154_JPG.rf.1ffb69a10b1df7da999839132caf03dc.jpg, 1, 0, 0
SAM_1660_JPG.rf.1b30fa82f6e49febb884d8e4843f7143.jpg, 1, 0, 1
SAM_0846_JPG.rf.2082de8c93cecb6ba2a85832a86c4b78.jpg, 0, 1, 1
SAM_1644_JPG.rf.221e4189918912d00888ddfd2956f06e.jpg, 1, 0, 1
SAM_0921_JPG.rf.21f6f297fc274bbfb2d6346a15847038.jpg, 1, 0, 0
IMG_0619_jpg.rf.22282586dd7dc3f80eced7c0a588a007.jpg, 0, 0, 1
SAM_0277_JPG.rf.20de4dcf0a46ae34d026cb2dac052d2b.jpg, 0, 0, 1
o10_jpg.rf.22df04bb73fe4ecf9f1d02944cbd689a.jpg, 0, 0, 1
n61_jpg.rf.2845b128b2716ecb1149b6d180099354.jpg, 1, 0, 0
SAM_0851_JPG.rf.233bc04b5a5007cdbe32cfdd8841173a.jpg, 0, 1, 0
IMG_0603_jpg.rf.282b84785eaa07bb41e095011ab0b607.jpg, 0, 0, 1
n58_jpg.rf.2c78d5560c5553da67bdbed0b18b1de5.jpg, 1, 0, 0
SAM_0285_JPG.rf.22b668ccac13938e63577c474242e2b4.jpg, 1, 0, 1
IMG_0723_jpg.rf.251e0f592ce13b52479a823012ba3b4d.jpg, 0, 0, 1
SAM_1683_JPG.rf.2792209a8211a30d76bbb2b0a4c54d4d.jpg, 0, 0, 1
IMG_0488_jpg.rf.2d66420dae95387dc555c7a395f0ae3f.jpg, 0, 0, 1
SAM_1060_JPG.rf.22e708978e99c227582f3e488077ece1.jpg, 0, 1, 0
SAM_0250_JPG.rf.2ec165451a1fe556f89a68b617d0e566.jpg, 0, 0, 1
SAM_1236_JPG.rf.284a989d03c56367a3d2344e03f7288f.jpg, 0, 1, 0
SAM_0810_JPG.rf.2699a8f6859614fd9e3419a2e58105ca.jpg, 0, 0, 1
SAM_0203_JPG.rf.24807a353faa52f306fcb6298b0538d6.jpg, 1, 0, 0
SAM_1217_JPG.rf.2b1f031000367cc849e55266911f8662.jpg, 0, 1, 0
SAM_0226_JPG.rf.2e0c1864bd6adad657663db8a81abdb4.jpg, 1, 0, 0
SAM_0838_JPG.rf.23a07e2c5be5fc4ced595ff2d665e721.jpg, 1, 0, 0
SAM_0952_JPG.rf.2be725da1b86b47f450a683dfb4ea879.jpg, 1, 0, 1
SAM_1233_JPG.rf.2f178385615995bbec689fb55bf0d74b.jpg, 0, 1, 0
IMG_0625_jpg.rf.308a20d19ef4ab7081187889ccd81c60.jpg, 0, 1, 1
SAM_0800_JPG.rf.2fffd970320db4bd6b1babda1a2a8380.jpg, 1, 0, 1
SAM_0869_JPG.rf.303e5bb93d798d415a94c95440c39c71.jpg, 1, 0, 1
o13_jpg.rf.2340dfb563a56638f9ec29eea4d8c2bf.jpg, 0, 1, 1
SAM_0860_JPG.rf.2b0440649098b403ed6addd0a711a705.jpg, 1, 0, 0
IMG_0726_jpg.rf.3201f1de8c52f55128839b8662cae0ae.jpg, 1, 0, 1
SAM_0929_JPG.rf.32bb262a0786f142412f70bd20d28c93.jpg, 1, 1, 0
IMG_0474_jpg.rf.3561deb2b3857075ffb339e3bd3dc647.jpg, 0, 0, 1
IMG_0738_jpg.rf.32108314811e589942951bad844d3a76.jpg, 0, 0, 1
SAM_0283_JPG.rf.330fa5102da8165b02906744d4184c79.jpg, 1, 0, 1
SAM_0891_JPG.rf.355bcd8447ee02a61a94cfc5910c10ad.jpg, 0, 1, 0
SAM_0878_JPG.rf.35b6643a8f4efc33ffbcbdab66924496.jpg, 0, 1, 0
IMG_0707_jpg.rf.38966b06162cccbf8375f940a19b2ea5.jpg, 0, 0, 1
SAM_0976_JPG.rf.331005ca6d086ff5995b3a01a885e043.jpg, 1, 0, 0
o3_jpg.rf.36127ae6afd730325d475bebd0071b37.jpg, 1, 0, 1
SAM_1241_JPG.rf.3640da48b6a783da150a23c19533c821.jpg, 0, 1, 0
SAM_0157_JPG.rf.375f6ef4065507fa537edde4c1e03ec9.jpg, 1, 0, 0
n62_jpg.rf.37ae0609e9ff923df489f1535d23c8ad.jpg, 1, 0, 0
IMG_0768_jpg.rf.343509ef18760df10b906e2d6e55ec2c.jpg, 0, 1, 1
SAM_0276_JPG.rf.362338246b42d8ebed08171e72c01e22.jpg, 0, 0, 1
SAM_0927_JPG.rf.363d7c5aff6cd0a5fb5c42969fc0dfff.jpg, 1, 1, 0
SAM_1252_JPG.rf.34aa730bea891dfd58568e43d82f7868.jpg, 1, 1, 1
SAM_0220_JPG.rf.31c1c867517babaccb9f96089dc6d2bf.jpg, 0, 1, 0
SAM_0868_JPG.rf.364719e16272b1b8e0475ccb76682e98.jpg, 1, 0, 1
SAM_0947_JPG.rf.36c547af2bc12e04bdd13b64cb1d5774.jpg, 1, 1, 0
SAM_0940_JPG.rf.3bbba2cba82fff602fa5f9e05ddf41bb.jpg, 1, 0, 0
o3_jpg.rf.39d610b833f354702a9ae7123ce7273f.jpg, 1, 0, 1
SAM_0866_JPG.rf.391b542e3339ae17feadec0deb4fa2fb.jpg, 1, 0, 1
SAM_0946_JPG.rf.36f2b5f8c7b49f37eb3c19ae67dc2563.jpg, 0, 1, 0
SAM_0813_JPG.rf.3385235618de6af2fb89b581b48d3ce6.jpg, 0, 0, 1
SAM_1692_JPG.rf.3455f87547dcdd64fa398c4b5f2db017.jpg, 0, 1, 0
n53_jpg.rf.3ce7be2baf65eeee89a28c7544a0738b.jpg, 1, 0, 0
IMG_0481_jpg.rf.3d13700ccd2e89dcd09acc5b38f8ce67.jpg, 1, 0, 1
n66_jpg.rf.3e4e4d78a485657bebbc142c66b10767.jpg, 1, 0, 0
IMG_0558_jpg.rf.3dce5a931545f754814265e7ed9380a5.jpg, 0, 0, 1
IMG_0527_jpg.rf.3d95b0e7e0daa29743adbfed24c8e1d0.jpg, 0, 0, 1
IMG_0724_jpg.rf.3ea3b8393aced9f1783d4d8e18e6c83b.jpg, 0, 1, 1
SAM_0261_JPG.rf.3c5257e302d67d687f9dd5a2e0497068.jpg, 1, 1, 0
IMG_0668_jpg.rf.3fcac2377200d52cf951d5d26fb7b61d.jpg, 0, 1, 0
SAM_1676_JPG.rf.3e389c756f77b5b310c633f2559f5b9e.jpg, 0, 1, 0
SAM_0218_JPG.rf.3e07d4edaa1d14f88372c869a364444c.jpg, 0, 1, 1
SAM_1219_JPG.rf.403ffe679acdf9d4e0e4f41fcd37b916.jpg, 0, 1, 0
SAM_0933_JPG.rf.40a761c34291003505af3cd81139648e.jpg, 0, 0, 1
SAM_0163_JPG.rf.46981452507519dd884e1472842366ac.jpg, 1, 0, 0
SAM_1199_JPG.rf.41214bb244aa5272d0bd486eafee0632.jpg, 1, 1, 0
SAM_1249_JPG.rf.3d48cdea53376a593b533fb132aa6385.jpg, 1, 1, 0
SAM_0223_JPG.rf.3d21077d55a2d3546e4a03f5f26675ee.jpg, 1, 0, 0
SAM_0207_JPG.rf.419d2f082552a543d589043dc252b7b7.jpg, 1, 0, 0
SAM_0168_JPG.rf.4a5764eb5189aed04fd5ecfb816d0f8a.jpg, 0, 1, 0
n57_jpg.rf.4cdf738631fbf1978952fc416a45585e.jpg, 1, 0, 0
SAM_0885_JPG.rf.4a70ece1e4feb061343d821698c52965.jpg, 0, 0, 1
SAM_1685_JPG.rf.4e7bfa638a3085a0ef3440b45dd0fc15.jpg, 0, 0, 1
o2_jpg.rf.4874f22cebd91cb7179e02e28e6072dc.jpg, 0, 0, 1
SAM_0980_JPG.rf.4c11528e0096d5e9c69aec8836592c67.jpg, 0, 0, 1
SAM_0884_JPG.rf.3bee768f6d2ef7c193b7f6a98fd98f7d.jpg, 1, 0, 0
o14_jpg.rf.42a1e49c4dff5a8a8bdeb946352b4670.jpg, 0, 0, 1
SAM_1251_JPG.rf.493a7fd46b33ac0bcd39b7e1ff9fe133.jpg, 1, 1, 1
o5_jpg.rf.416527edb28909c14faed0b2afa968f5.jpg, 1, 0, 1
o33_jpg.rf.4c445600c592cc9dd394d88055be65f3.jpg, 0, 0, 1
SAM_0841_JPG.rf.464eb438ecd7a398ee3174cc736294ef.jpg, 0, 1, 1
SAM_1652_JPG.rf.4b6ae6c9d2c6e056f20877a9d7d3eb74.jpg, 1, 0, 0
SAM_1699_JPG.rf.49b247f92f1f35cd8fb2e48cfed74b3f.jpg, 0, 1, 0
IMG_0741_jpg.rf.4ee3d5b51d5af4664402623946166261.jpg, 0, 1, 0
SAM_0308_JPG.rf.4e94f74a1648930fb9290ad8ab77d669.jpg, 0, 0, 1
IMG_0546_jpg.rf.4fce03b06233e1bd09b539b234a77d13.jpg, 1, 0, 0
IMG_0695_jpg.rf.543683581997a8efe7cb725b23000fce.jpg, 0, 1, 1
n29_JPG.rf.4f5ed57f71da292cbd8b63220eb7a277.jpg, 1, 0, 0
IMG_0595_jpg.rf.564623d05ad6b6090e7cdc57e9d3608c.jpg, 0, 1, 0
n58_jpg.rf.5640527d66b3f11b6653494d5ad00f8f.jpg, 1, 0, 0
SAM_1259_JPG.rf.4f614db4067f217045535111a0d0af66.jpg, 0, 1, 0
SAM_0867_JPG.rf.520a801141d306f7e3a1f67f3c875546.jpg, 1, 0, 1
SAM_0934_JPG.rf.527abad0b4c771dc9b49ec71fde0c07b.jpg, 0, 0, 1
SAM_0229_JPG.rf.507b7354bdee4d4b1c3f8479ed91faf6.jpg, 0, 0, 1
SAM_1680_JPG.rf.52568a5dfd5de54bff9b773d14e9c06e.jpg, 0, 0, 1
SAM_1251_JPG.rf.51b9b75952ad72f12d29529132ef9d63.jpg, 1, 1, 1
SAM_0805_JPG.rf.53e1eb2b17514e663f04aaf4cf83ca1a.jpg, 0, 1, 0
SAM_0194_JPG.rf.55925220595505da1f93a6bf14959786.jpg, 1, 0, 1
n21_JPG.rf.54f360fe35a6e27931bb2d58670eb973.jpg, 1, 1, 0